{
    "title": "My FRET Experiment",
    "traces": [
        {
            "channels": [
                {
                    "channel_type": "donor",
                    "excitation_wavelength": 532.0,
                    "emission_wavelength": 585.0,
                    "exposure_time": 0.1,
                    "data": [
                        1183.5239820031652,
                        1152.5415977511966,
                        530.3023109427951,
                        639.4351817246207,
                        741.8815131933195,
                        540.50020210299,
                        1377.871314049749,
                        707.8406573178497,
                        951.0205563356512,
                        1205.66161695997,
                        683.3431555048663,
                        810.3752714190398,
                        1020.6086853446233,
                        765.4804479102509,
                        995.1374815843209,
                        1352.838408167704,
                        921.3763157905576,
                        1064.9057985033983,
                        1081.9659498508,
                        940.4676262582814,
                        1041.390592537588,
                        766.7303904119378,
                        956.3864793090205,
                        1219.8941830792685,
                        765.7053379204954,
                        876.1206403819556,
                        1420.406489193754,
                        950.8369497537714,
                        1281.269928258691,
                        610.4917361188752,
                        1146.4541616315048,
                        1123.4890584274824,
                        1032.9251484312779,
                        1096.3850100138284,
                        1519.7669072341992,
                        1077.210666320936,
                        600.9403543678195,
                        649.9162754062522,
                        810.4136219369155,
                        648.3833437414504,
                        774.4200217119374,
                        673.4405641645815,
                        743.4693780149647,
                        926.2673820485676,
                        571.6577996443625,
                        881.6146464821735,
                        1049.9631419638038,
                        701.8892995169432,
                        873.5426910611824,
                        1077.7439477429089,
                        1020.0374284153736,
                        982.9703743796055,
                        1159.6449036427864,
                        1290.3787274295512,
                        732.6961865519849,
                        935.8762626985581,
                        1098.3344700925509,
                        1251.1120080424394,
                        1142.2317750543762,
                        1281.7396058164525,
                        1037.6995139079138,
                        727.0666595136394,
                        1308.9300026686983,
                        1153.3986117499785,
                        1098.9925267092115,
                        1023.6833223514078,
                        1182.1941835973355,
                        1042.9934041277065,
                        840.220613462689,
                        877.1802260868285,
                        869.666052307803,
                        1285.3969841539165,
                        965.6530049754103,
                        901.2320188960406,
                        1044.2375490330803,
                        1005.3274335870055,
                        893.4213350303772,
                        1058.510114873735,
                        1145.7348570718261,
                        961.0249191455322,
                        818.4321096680985,
                        862.7155162299453,
                        907.2508206760131,
                        873.6307441521224,
                        854.8283335147084,
                        1214.7788881722504,
                        967.0033829891083,
                        963.4870260313157,
                        951.2694102065351,
                        970.6137077294638,
                        837.7026976972456,
                        1282.9906535737923,
                        885.7060006756681,
                        999.5720951711764,
                        559.2659150455271,
                        936.0055287864175,
                        1118.2923965417856,
                        1172.7813146236908,
                        1045.561036955947,
                        1349.669671567512
                    ],
                    "metadata": {}
                },
                {
                    "channel_type": "acceptor",
                    "excitation_wavelength": 640.0,
                    "emission_wavelength": 680.0,
                    "exposure_time": 0.1,