{
    "title": "My FRET Experiment",
    "traces": [
        {
            "channels": [
                {
                    "channel_type": "donor",
                    "excitation_wavelength": 532.0,
                    "emission_wavelength": 585.0,
                    "exposure_time": 0.1,
                    "data": [
                        1080.5938382956017,
                        1042.7151174204473,
                        931.0357438635182,
                        1154.3245859707176,
                        955.8207399918042,
                        953.9676864350469,
                        1247.3388904715255,
                        765.7234461524794,
                        1035.5020066463346,
                        812.6790575790274,
                        1047.626024100905,
                        988.4278559686024,
                        888.9524587418157,
                        1274.1644235851297,
                        1001.9315535643257,
                        1002.9164051261379,
                        968.0444823381849,
                        828.5197814346996,
                        976.2491040565926,
                        1182.3470537738274,
                        910.7789466599309,
                        683.0635692016771,
                        1118.2276453298057,
                        1209.1616192444822,
                        719.4067990470768,
                        1446.353500968548,
                        964.1148824976292,
                        1196.8232910368115,
                        707.614515725214,
                        1306.6943436144693,
                        818.1366541862413,
                        1321.4248390692765,
                        656.867264021286,
                        984.0149756407171,
                        1101.6666425587562,
                        759.9454784883707,
                        1109.2355142955316,
                        1039.2341042177359,
                        592.6124873757296,
                        892.2731733081245,
                        1222.5312442523361,
                        1052.8952666853286,
                        933.0786044684244,
                        973.2291841827288,
                        865.8421068272739,
                        1082.0900323281737,
                        693.2718004703975,
                        1122.2309319049568,
                        1219.3347943323693,
                        891.5209725609071,
                        831.0918519128288,
                        1362.5263077639058,
                        1001.6013769703841,
                        960.2037003885065,
                        1010.369115515967,
                        789.2215113807233,
                        848.4627570757012,
                        748.6997620117198,
                        1075.2402676985141,
                        1085.6493482196372,
                        890.0927541876631,
                        1051.9700127709784,
                        996.8519595184101,
                        1073.1059380445113,
                        1038.9208927689674,
                        783.0161811210103,
                        932.0762822949021,
                        1056.3865926552999,
                        1337.1954184825931,
                        863.1510269000137,
                        1235.2144460995921,
                        1239.3171613141071,
                        1204.2983402743191,
                        897.5721111228909,
                        1112.809030825385,
                        867.826181605604,
                        1064.3418871621907,
                        1192.6371809101254,
                        1028.7147658225717,
                        835.0596117298537,
                        981.4929670416764,
                        1255.0708283359247,
                        804.6270723943665,
                        609.4328806958687,
                        1059.2099813605917,
                        1167.6497005911954,
                        783.294057986199,
                        1257.8563827090738,
                        909.5581630696838,
                        1348.5753578775302,
                        1129.2454615633594,
                        764.12954589472,
                        902.5626602123132,
                        876.1106682504901,
                        1241.1734407805936,
                        1355.3024998663252,
                        1009.5611232775434,
                        661.2172599015066,
                        367.7817889134137,
                        850.4842145486697
                    ],
                    "metadata": {}
                },
                {
                    "channel_type": "acceptor",
                    "excitation_wavelength": 640.0,
                    "emission_wavelength": 680.0,
                    "exposure_time": 0.1,