{
    "title": "My FRET Experiment",
    "traces": [
        {
            "channels": [
                {
                    "channel_type": "donor",
                    "excitation_wavelength": 488.0,
                    "emission_wavelength": 520.0,
                    "exposure_time": 0.1,
                    "data": [
                        1020.3716888081457,
                        967.2052203386359,
                        868.6176400018724,
                        1144.011954856471,
                        1016.4495346561619,
                        934.188756770971,
                        1095.0272440663898,
                        1046.3403797570006,
                        998.984547272424,
                        975.0775237186734,
                        1449.2937114421557,
                        980.4287086548167,
                        745.8414103366086,
                        644.581757098489,
                        960.9891194807603,
                        887.2059488514967,
                        614.025242889122,
                        1076.6267615076547,
                        1144.1710102687134,
                        956.6742069077254,
                        1040.646601748534,
                        983.365505592068,
                        1145.7045282012878,
                        965.8910516016151,
                        1205.6874618793236,
                        1039.5190666787403,
                        1103.5265602700442,
                        935.9486655374693,
                        1096.2967608122603,
                        1074.7635839518505,
                        838.6894472973021,
                        1046.8235624737506,
                        1048.6718733152798,
                        939.7717563408928,
                        930.3923279475846,
                        879.0322608750271,
                        1159.1453203054568,
                        884.3883958998515,
                        708.6275005474943,
                        664.8984949747801,
                        1177.9732104973891,
                        780.9566753268348,
                        931.6853038919661,
                        996.8565071589902,
                        806.6195814642222,
                        885.6808674896218,
                        1235.874123210681,
                        737.470815771966,
                        961.6559803547316,
                        1120.135396870274,
                        1346.7964459224283,
                        1097.8961286376252,
                        1068.707753981655,
                        569.5882716256733,
                        1079.2814764038033,
                        1340.6730200661673,
                        1111.4372382482584,
                        1051.1626259416648,
                        759.4722929121696,
                        699.976949008304,
                        913.6206173169303,
                        1322.9187313726923,
                        1105.3173644963233,
                        617.0141504814138,
                        1176.4942657969884,
                        1229.9414600380987,
                        529.4612542193169,
                        1048.0227950801964,
                        961.502899780008,
                        988.4464874308277,
                        1417.2438450944967,
                        944.0118792354664,
                        992.1399677464085,
                        847.3336995209102,
                        790.6086776985741,
                        1194.5367213554875,
                        1022.0729633631713,
                        1102.2823347344734,
                        1311.6530754974578,
                        1045.7326562842816,
                        1101.616399977381,
                        1063.2367767189705,
                        661.7376780491707,
                        903.2536243129913,
                        884.333327560016,
                        1301.651469411358,
                        981.868345660158,
                        1425.2360088550663,
                        800.6409625825239,
                        1073.3445824930732,
                        939.9722913903612,
                        748.1952765990795,
                        1208.9866967976698,
                        1022.6116194278263,
                        1087.7661608163958,
                        619.3129869580414,
                        986.9295712713671,
                        1151.1789836230257,
                        859.7720353723874,
                        1232.8161025650086
                    ],
                    "metadata": {}
                },
                {
                    "channel_type": "acceptor",
                    "excitation_wavelength": 532.0,
                    "emission_wavelength": 580.0,
                    "exposure_time": 0.1,
                    "data": [
                        1,
                        2,
                        3
                    ],
                    "metadata": {}
                }
            ],
            "metadata": {
                "molecule_id": "1"
            }
        }
    ],
    "metadata": {
        "experiment_id": "123"
    },
    "sample_details": {
        "buffer_conditions": "Phosphate buffer",
        "other_details": {
            "ph": 7.4
        }
    },
    "instrument_details": {
        "microscope": "Olympus IX83",
        "other_details": {
            "objective": "60x oil 1.5 NA"
        }
    },
    "description": "FRET data of protein folding",
    "experiment_type": "2-Color FRET",
    "authors": [
        "John Doe",
        "Jane Smith"
    ],
    "institution": "University X",
    "date": "2024-01-01"
}