{
    "title": "My FRET Experiment",
    "traces": [
        {
            "channels": [
                {
                    "channel_type": "donor",
                    "excitation_wavelength": 488.0,
                    "emission_wavelength": 520.0,
                    "exposure_time": 0.1,
                    "data": [
                        546.3523413907939,
                        1309.3352119779886,
                        930.0053004459305,
                        1394.6379556944476,
                        1293.4363110649933,
                        958.7080342117803,
                        1025.6700706920683,
                        1203.170265011098,
                        931.2965859625606,
                        921.5928142225931,
                        1006.0385262684912,
                        1049.7446342845305,
                        1127.8608840799413,
                        1185.652390566574,
                        725.17433428434,
                        799.065883415996,
                        855.626744753203,
                        1134.9950703184645,
                        975.8409850496475,
                        937.8843998129572,
                        1105.43569429838,
                        868.0728881867262,
                        1013.9741556786623,
                        1167.193205322324,
                        1104.119846204465,
                        991.2085206485305,
                        1535.5117839068587,
                        959.6278711032384,
                        639.4705730335631,
                        1006.1322068139858,
                        886.3501992849197,
                        1290.458133096888,
                        758.0100212359968,
                        1141.8734951273636,
                        770.9494506568255,
                        951.881210828515,
                        1046.087389576621,
                        938.359832591981,
                        818.911745196495,
                        1024.7162673975536,
                        798.7808833368708,
                        860.7089703102843,
                        850.5034971981252,
                        1074.3177701035684,
                        796.2661675037145,
                        1299.5874864252437,
                        1267.2804977905596,
                        1096.3908857389615,
                        1080.9600097714251,
                        732.0787596795377,
                        802.94249389678,
                        1106.4693535423703,
                        1372.7048828037064,
                        1047.3429381559567,
                        946.270755413549,
                        875.500318938898,
                        781.5579836319832,
                        778.3425475373348,
                        1193.4442880193587,
                        1046.74019339997,
                        1142.5498635621193,
                        991.348123500511,
                        1008.278601582708,
                        1315.0095429154599,
                        1083.8658664397858,
                        1092.9757740818459,
                        947.5619301223085,
                        724.698393666826,
                        1166.5317172603848,
                        1103.35012866024,
                        1116.3204245548313,
                        797.8711115101426,
                        995.96085964065,
                        581.7096889602233,
                        996.8142798499217,
                        1251.931382825939,
                        1045.3054451229793,
                        1056.7691477208937,
                        1138.3569046243956,
                        1032.5747342700286,
                        730.6056058830852,
                        1119.7421036163248,
                        848.610431137711,
                        1349.7789882271477,
                        797.5056071825111,
                        1261.5145691087664,
                        729.1362658792453,
                        966.7170598331621,
                        663.2903825073674,
                        900.7566119016781,
                        970.5383477217307,
                        917.3211216043542,
                        1371.6818644966495,
                        1030.0016438335138,
                        819.1136717495657,
                        805.7730212837988,
                        315.8371154624349,
                        864.7838365809152,
                        1106.2035214702064,
                        613.2013769907041
                    ],
                    "metadata": {}
                },
                {
                    "channel_type": "acceptor",
                    "excitation_wavelength": 532.0,
                    "emission_wavelength": 580.0,
                    "exposure_time": 0.1,